{"graph": {"_type": "graph-file", "sha256": "01597a35530dc67da359e9ab18659b479f97f6330de9640b7f134819986fc085", "size": 3829, "path": "media/graph/graph_summary_01597a35530dc67da359.graph.json"}, "epoch": 0, "_timestamp": 1669950440, "_runtime": 151, "loss": 25.28969383239746, "accuracy": 0.5816777944564819, "_step": 0}