{"graph": {"_type": "graph-file", "sha256": "6023c7455a85fb55e5e7540aa4adbf5a59f5d97df040d7a1c5f879701fd34b63", "size": 2481, "path": "media/graph/graph_summary_6023c7455a85fb55e5e7.graph.json"}, "epoch": 1, "_timestamp": 1669963098, "_runtime": 160, "loss": 0.4883384108543396, "accuracy": 0.8675378561019897, "val_loss": 0.46249669790267944, "val_accuracy": 0.8689661026000977, "_step": 1, "best_val_loss": 0.46249669790267944, "best_epoch": 1}