{"graph": {"_type": "graph-file", "sha256": "ad594c4f9f9b8993bc121179523bbbe2c1248ae3603e399ae15fb21dce160b34", "size": 2482, "path": "media/graph/graph_summary_ad594c4f9f9b8993bc12.graph.json"}, "epoch": 3, "_timestamp": 1669962240, "_runtime": 66, "loss": 0.2827206552028656, "accuracy": 0.9235152006149292, "val_loss": 0.33963069319725037, "val_accuracy": 0.8945579528808594, "_step": 3, "best_val_loss": 0.33963069319725037, "best_epoch": 3}