{"graph": {"_type": "graph-file", "sha256": "01597a35530dc67da359e9ab18659b479f97f6330de9640b7f134819986fc085", "size": 3829, "path": "media/graph/graph_summary_01597a35530dc67da359.graph.json"}, "epoch": 9, "_timestamp": 1669943441, "_runtime": 1465, "loss": 4.0204596519470215, "accuracy": 0.5816777348518372, "_step": 9, "_wandb": {"runtime": 1468}}