{"graph": {"_type": "graph-file", "sha256": "4884ffd7f01c0b4bf3e0a399f301269dfa0a718ce219cc02f5b1d00bddec2f2a", "size": 2482, "path": "media/graph/graph_summary_4884ffd7f01c0b4bf3e0.graph.json"}, "epoch": 9, "_timestamp": 1669951815, "_runtime": 961, "loss": 0.8283325433731079, "accuracy": 0.599187433719635, "_step": 9}