{"graph": {"_type": "graph-file", "sha256": "01597a35530dc67da359e9ab18659b479f97f6330de9640b7f134819986fc085", "size": 3829, "path": "media/graph/graph_summary_01597a35530dc67da359.graph.json"}, "epoch": 7, "_timestamp": 1669947138, "_runtime": 1161, "loss": 34.52314758300781, "accuracy": 0.5816779732704163, "_step": 7}