{"graph": {"_type": "graph-file", "sha256": "4884ffd7f01c0b4bf3e0a399f301269dfa0a718ce219cc02f5b1d00bddec2f2a", "size": 2482, "path": "media/graph/graph_summary_4884ffd7f01c0b4bf3e0.graph.json"}, "epoch": 19, "_timestamp": 1669968187, "_runtime": 1849, "loss": 0.9057315587997437, "accuracy": 0.5816776752471924, "_step": 19}